{
	"credit": "Made with Blockbench",
	"parent": "minecraft:block/cube_all",
	"texture_size": [64, 64],
	"textures": {
		"0": "item/jj_yunshan_zhuotui",
		"particle": "item/jj_yunshan_zhuotui"
	},
	"elements": [
		{
			"from": [1, 0, 1],
			"to": [4, 16, 4],
			"rotation": {"angle": 0, "axis": "y", "origin": [11, 8, 10]},
			"faces": {
				"north": {"uv": [3, 0, 3.75, 4], "texture": "#0"},
				"east": {"uv": [2, 0, 2.75, 4], "texture": "#0"},
				"south": {"uv": [1, 0, 1.75, 4], "texture": "#0"},
				"west": {"uv": [0, 0, 0.75, 4], "texture": "#0"},
				"up": {"uv": [1.75, 5, 1, 4.25], "texture": "#0"},
				"down": {"uv": [0.75, 4.25, 0, 5], "texture": "#0"}
			}
		},
		{
			"from": [0.5, 9.1, 0.5],
			"to": [4.5, 16.1, 4.5],
			"rotation": {"angle": 0, "axis": "y", "origin": [11, 17.1, 10]},
			"faces": {
				"north": {"uv": [0, 6.75, 1, 8.5], "texture": "#0"},
				"east": {"uv": [0, 6.75, 1, 8.5], "texture": "#0"},
				"south": {"uv": [0, 6.75, 1, 8.5], "texture": "#0"},
				"west": {"uv": [0, 6.75, 1, 8.5], "texture": "#0"},
				"up": {"uv": [1, 7.75, 0, 6.75], "texture": "#0"},
				"down": {"uv": [1, 7.5, 0, 8.5], "texture": "#0"}
			}
		},
		{
			"from": [4, 10, 2],
			"to": [16, 14, 4],
			"rotation": {"angle": 0, "axis": "y", "origin": [19, 20, 10]},
			"faces": {
				"north": {"uv": [0, 5.5, 3, 6.5], "texture": "#0"},
				"east": {"uv": [0, 5.5, 0.5, 6.5], "texture": "#0"},
				"south": {"uv": [0, 5.5, 3, 6.5], "texture": "#0"},
				"up": {"uv": [3, 6, 0, 5.5], "texture": "#0"},
				"down": {"uv": [3, 6, 0, 6.5], "texture": "#0"}
			}
		},
		{
			"from": [2, 10, 4],
			"to": [4, 14, 16],
			"rotation": {"angle": 0, "axis": "y", "origin": [10, 20, 19]},
			"faces": {
				"east": {"uv": [3, 5.5, 0, 6.5], "texture": "#0"},
				"south": {"uv": [0, 5.5, 0.5, 6.5], "texture": "#0"},
				"west": {"uv": [3, 5.5, 0, 6.5], "texture": "#0"},
				"up": {"uv": [3, 5.5, 0, 6], "rotation": 90, "texture": "#0"},
				"down": {"uv": [3, 6.5, 0, 6], "rotation": 270, "texture": "#0"}
			}
		}
	],
	"display": {
		"fixed": {
			"rotation": [-90, 0, 0],
			"translation": [0, 0, -14],
			"scale": [2, 2, 2]
		}
	}
}