{
	"credit": "Made with Blockbench",
	"textures": {
		"1": "item/chxx_lanzi",
		"2": "item/chxx_huangpingguo",
		"particle": "item/chxx_huangpingguo"
	},
	"elements": [
		{
			"from": [2, 0, 14],
			"to": [14, 14, 15],
			"rotation": {"angle": 0, "axis": "y", "origin": [8, 9, 7]},
			"faces": {
				"north": {"uv": [0.5, 8, 3.5, 11.5], "texture": "#1"},
				"south": {"uv": [0.5, 8, 3.5, 11.5], "texture": "#1"},
				"up": {"uv": [0.5, 8, 3.5, 8.25], "texture": "#1"},
				"down": {"uv": [0.5, 11.75, 3.5, 12], "texture": "#1"}
			}
		},
		{
			"from": [2, 0, 1],
			"to": [14, 14, 2],
			"rotation": {"angle": 0, "axis": "y", "origin": [8, 9, -6]},
			"faces": {
				"north": {"uv": [0.5, 8, 3.5, 11.5], "texture": "#1"},
				"south": {"uv": [0.5, 8, 3.5, 11.5], "texture": "#1"},
				"up": {"uv": [0.5, 8, 3.5, 8.25], "texture": "#1"},
				"down": {"uv": [0.5, 15, 3.5, 15.25], "texture": "#1"}
			}
		},
		{
			"from": [1, 0, 1],
			"to": [2, 14, 15],
			"rotation": {"angle": 0, "axis": "y", "origin": [9, 9, 8]},
			"faces": {
				"north": {"uv": [3.5, 8, 3.75, 11.5], "texture": "#1"},
				"east": {"uv": [0.25, 8, 3.75, 11.5], "texture": "#1"},
				"south": {"uv": [0.25, 8, 0.5, 11.5], "texture": "#1"},
				"west": {"uv": [0.25, 8, 3.75, 11.5], "texture": "#1"},
				"up": {"uv": [0.25, 8, 3.75, 8.25], "rotation": 90, "texture": "#1"},
				"down": {"uv": [0.25, 11.75, 0.5, 15.25], "texture": "#1"}
			}
		},
		{
			"from": [14, 0, 1],
			"to": [15, 14, 15],
			"rotation": {"angle": 0, "axis": "y", "origin": [22, 9, 8]},
			"faces": {
				"north": {"uv": [0.25, 8, 0.5, 11.5], "texture": "#1"},
				"east": {"uv": [0.25, 8, 3.75, 11.5], "texture": "#1"},
				"south": {"uv": [3.5, 8, 3.75, 11.5], "texture": "#1"},
				"west": {"uv": [0.25, 8, 3.75, 11.5], "texture": "#1"},
				"up": {"uv": [0.25, 8, 3.75, 8.25], "rotation": 90, "texture": "#1"},
				"down": {"uv": [3.5, 11.75, 3.75, 15.25], "texture": "#1"}
			}
		},
		{
			"from": [2, 0, 2],
			"to": [14, 1, 14],
			"faces": {
				"up": {"uv": [0.5, 8.25, 3.5, 11.25], "texture": "#1"},
				"down": {"uv": [0.5, 12, 3.5, 15], "texture": "#1"}
			}
		},
		{
			"from": [2, 11, 2],
			"to": [14, 12, 14],
			"rotation": {"angle": 0, "axis": "y", "origin": [8, 19, 8]},
			"faces": {
				"up": {"uv": [7.25, 12.75, 10.25, 15.75], "texture": "#1"},
				"down": {"uv": [0.5, 12, 3.5, 15], "texture": "#1"}
			}
		},
		{
			"from": [-2.6, 16, 5],
			"to": [-1.6, 19, 6],
			"rotation": {"angle": 22.5, "axis": "z", "origin": [5.4, 24, 13]},
			"faces": {
				"north": {"uv": [4, 3.25, 4.25, 4], "texture": "#1"},
				"east": {"uv": [0.5, 1.25, 0.75, 2], "texture": "#1"},
				"south": {"uv": [0.5, 1.25, 0.75, 2], "texture": "#1"},
				"west": {"uv": [0.5, 1.25, 0.75, 2], "texture": "#1"},
				"up": {"uv": [0.5, 1.25, 0.75, 1.5], "texture": "#1"},
				"down": {"uv": [0.25, 1.75, 0.5, 2], "texture": "#1"}
			}
		},
		{
			"from": [-2.6, 18, 6],
			"to": [-1.6, 19, 10],
			"rotation": {"angle": 22.5, "axis": "z", "origin": [5.4, 24, 14]},
			"faces": {
				"east": {"uv": [4, 1, 5, 1.25], "texture": "#1"},
				"west": {"uv": [4, 0.75, 5, 1], "texture": "#1"},
				"up": {"uv": [4, 0.75, 5, 1], "rotation": 90, "texture": "#1"},
				"down": {"uv": [4, 1, 5, 1.25], "rotation": 270, "texture": "#1"}
			}
		},
		{
			"from": [-2.6, 16, 10],
			"to": [-1.6, 19, 11],
			"rotation": {"angle": 22.5, "axis": "z", "origin": [5.4, 24, 18]},
			"faces": {
				"north": {"uv": [0.5, 1.25, 0.75, 2], "texture": "#1"},
				"east": {"uv": [0.5, 1.25, 0.75, 2], "texture": "#1"},
				"south": {"uv": [0.5, 1.25, 0.75, 2], "texture": "#1"},
				"west": {"uv": [0.5, 1.25, 0.75, 2], "texture": "#1"},
				"up": {"uv": [0.5, 1.25, 0.75, 1.5], "texture": "#1"},
				"down": {"uv": [0.25, 1.75, 0.5, 2], "texture": "#1"}
			}
		},
		{
			"from": [17.6, 16, 5],
			"to": [18.6, 19, 6],
			"rotation": {"angle": -22.5, "axis": "z", "origin": [10.6, 24, 13]},
			"faces": {
				"north": {"uv": [4.25, 3.25, 4, 4], "texture": "#1"},
				"east": {"uv": [0.75, 1.25, 0.5, 2], "texture": "#1"},
				"south": {"uv": [0.75, 1.25, 0.5, 2], "texture": "#1"},
				"west": {"uv": [0.75, 1.25, 0.5, 2], "texture": "#1"},
				"up": {"uv": [0.75, 1.25, 0.5, 1.5], "texture": "#1"},
				"down": {"uv": [0.5, 1.75, 0.25, 2], "texture": "#1"}
			}
		},
		{
			"from": [17.6, 18, 6],
			"to": [18.6, 19, 10],
			"rotation": {"angle": -22.5, "axis": "z", "origin": [10.6, 24, 14]},
			"faces": {
				"east": {"uv": [5, 0.75, 4, 1], "texture": "#1"},
				"west": {"uv": [5, 1, 4, 1.25], "texture": "#1"},
				"up": {"uv": [4, 1, 5, 0.75], "rotation": 90, "texture": "#1"},
				"down": {"uv": [4, 1.25, 5, 1], "rotation": 270, "texture": "#1"}
			}
		},
		{
			"from": [17.6, 16, 10],
			"to": [18.6, 19, 11],
			"rotation": {"angle": -22.5, "axis": "z", "origin": [10.6, 24, 18]},
			"faces": {
				"north": {"uv": [0.75, 1.25, 0.5, 2], "texture": "#1"},
				"east": {"uv": [0.75, 1.25, 0.5, 2], "texture": "#1"},
				"south": {"uv": [0.75, 1.25, 0.5, 2], "texture": "#1"},
				"west": {"uv": [0.75, 1.25, 0.5, 2], "texture": "#1"},
				"up": {"uv": [0.75, 1.25, 0.5, 1.5], "texture": "#1"},
				"down": {"uv": [0.5, 1.75, 0.25, 2], "texture": "#1"}
			}
		},
		{
			"from": [10, 13.25, -1],
			"to": [15, 18.25, 4],
			"rotation": {"angle": 22.5, "axis": "y", "origin": [21, 21.25, 8]},
			"faces": {
				"north": {"uv": [0, 0, 5, 5], "texture": "#2"},
				"east": {"uv": [0, 5, 5, 10], "texture": "#2"},
				"south": {"uv": [5, 5, 10, 10], "texture": "#2"},
				"west": {"uv": [5, 0, 10, 5], "texture": "#2"},
				"up": {"uv": [5, 15, 0, 10], "texture": "#2"},
				"down": {"uv": [10, 10, 5, 15], "texture": "#2"}
			}
		},
		{
			"from": [10, 14.25, 7.25],
			"to": [11, 16.25, 8.25],
			"rotation": {"angle": 22.5, "axis": "x", "origin": [18, 22.25, 15.25]},
			"faces": {
				"north": {"uv": [10, 2, 11, 4], "texture": "#2"},
				"east": {"uv": [10, 4, 11, 6], "texture": "#2"},
				"south": {"uv": [10, 6, 11, 8], "texture": "#2"},
				"west": {"uv": [10, 8, 11, 10], "texture": "#2"},
				"up": {"uv": [12, 3, 11, 2], "texture": "#2"},
				"down": {"uv": [12, 3, 11, 4], "texture": "#2"}
			}
		},
		{
			"from": [6.9, 20.25, 3],
			"to": [6.9, 22.25, 5],
			"rotation": {"angle": 22.5, "axis": "z", "origin": [13.9, 28.25, 12]},
			"faces": {
				"north": {"uv": [0, 0, 0, 0], "texture": "#2"},
				"east": {"uv": [10, 10, 12, 12], "texture": "#2"},
				"south": {"uv": [0, 0, 0, 0], "texture": "#2"},
				"west": {"uv": [10, 0, 12, 2], "texture": "#2"},
				"up": {"uv": [0, 0, 0, 0], "texture": "#2"},
				"down": {"uv": [0, 0, 0, 0], "texture": "#2"}
			}
		},
		{
			"from": [11.8, 19, 7.75],
			"to": [13.8, 21, 7.75],
			"rotation": {"angle": -22.5, "axis": "x", "origin": [4.8, 27, 14.75]},
			"faces": {
				"north": {"uv": [10, 0, 12, 2], "texture": "#2"},
				"east": {"uv": [0, 0, 0, 0], "texture": "#2"},
				"south": {"uv": [10, 10, 12, 12], "texture": "#2"},
				"west": {"uv": [0, 0, 0, 0], "texture": "#2"},
				"up": {"uv": [0, 0, 0, 0], "texture": "#2"},
				"down": {"uv": [0, 0, 0, 0], "texture": "#2"}
			}
		},
		{
			"from": [5.2, 13.2, 15.75],
			"to": [7.2, 15.2, 15.75],
			"rotation": {"angle": 22.5, "axis": "y", "origin": [-1.8, 21.2, 22.75]},
			"faces": {
				"north": {"uv": [10, 0, 12, 2], "texture": "#2"},
				"east": {"uv": [0, 0, 0, 0], "texture": "#2"},
				"south": {"uv": [10, 10, 12, 12], "texture": "#2"},
				"west": {"uv": [0, 0, 0, 0], "texture": "#2"},
				"up": {"uv": [0, 0, 0, 0], "texture": "#2"},
				"down": {"uv": [0, 0, 0, 0], "texture": "#2"}
			}
		},
		{
			"from": [14.2, 16.8, 2.05],
			"to": [16.2, 16.8, 4.05],
			"rotation": {"angle": 22.5, "axis": "z", "origin": [22.2, 9.8, 11.05]},
			"faces": {
				"north": {"uv": [0, 0, 0, 0], "texture": "#2"},
				"east": {"uv": [0, 0, 0, 0], "texture": "#2"},
				"south": {"uv": [0, 0, 0, 0], "texture": "#2"},
				"west": {"uv": [0, 0, 0, 0], "texture": "#2"},
				"up": {"uv": [10, 0, 12, 2], "rotation": 90, "texture": "#2"},
				"down": {"uv": [10, 10, 12, 12], "rotation": 90, "texture": "#2"}
			}
		},
		{
			"from": [8.8, 12, 8.85],
			"to": [13.8, 17, 13.85],
			"rotation": {"angle": 0, "axis": "y", "origin": [4.8, 20, 19.85]},
			"faces": {
				"north": {"uv": [5, 0, 10, 5], "texture": "#2"},
				"east": {"uv": [0, 0, 5, 5], "texture": "#2"},
				"south": {"uv": [0, 5, 5, 10], "texture": "#2"},
				"west": {"uv": [5, 5, 10, 10], "texture": "#2"},
				"up": {"uv": [5, 15, 0, 10], "rotation": 90, "texture": "#2"},
				"down": {"uv": [10, 10, 5, 15], "rotation": 270, "texture": "#2"}
			}
		},
		{
			"from": [2.6, 8.2, 8.35],
			"to": [7.6, 13.2, 13.35],
			"rotation": {"angle": 0, "axis": "y", "origin": [-1.4, 16.2, 19.35]},
			"faces": {
				"north": {"uv": [5, 0, 10, 5], "texture": "#2"},
				"east": {"uv": [0, 0, 5, 5], "texture": "#2"},
				"south": {"uv": [5, 5, 10, 10], "texture": "#2"},
				"west": {"uv": [5, 5, 10, 10], "texture": "#2"},
				"up": {"uv": [5, 15, 0, 10], "rotation": 90, "texture": "#2"},
				"down": {"uv": [10, 10, 5, 15], "rotation": 270, "texture": "#2"}
			}
		},
		{
			"from": [5.4, 8.2, -0.15],
			"to": [10.4, 13.2, 4.85],
			"rotation": {"angle": -22.5, "axis": "y", "origin": [1.4, 16.2, 10.85]},
			"faces": {
				"north": {"uv": [5, 0, 10, 5], "texture": "#2"},
				"east": {"uv": [0, 0, 5, 5], "texture": "#2"},
				"south": {"uv": [5, 5, 10, 10], "texture": "#2"},
				"west": {"uv": [5, 5, 10, 10], "texture": "#2"},
				"up": {"uv": [5, 15, 0, 10], "rotation": 90, "texture": "#2"},
				"down": {"uv": [10, 10, 5, 15], "rotation": 270, "texture": "#2"}
			}
		},
		{
			"from": [8.55, 13, 10.85],
			"to": [9.55, 15, 11.85],
			"rotation": {"angle": 22.5, "axis": "z", "origin": [1.55, 21, 18.85]},
			"faces": {
				"north": {"uv": [10, 8, 11, 10], "texture": "#2"},
				"east": {"uv": [10, 2, 11, 4], "texture": "#2"},
				"south": {"uv": [10, 4, 11, 6], "texture": "#2"},
				"west": {"uv": [10, 6, 11, 8], "texture": "#2"},
				"up": {"uv": [12, 3, 11, 2], "rotation": 90, "texture": "#2"},
				"down": {"uv": [12, 3, 11, 4], "rotation": 270, "texture": "#2"}
			}
		},
		{
			"from": [5.4, 18, 8.75],
			"to": [7.4, 20, 8.75],
			"rotation": {"angle": 22.5, "axis": "x", "origin": [-1.6, 26, 1.75]},
			"faces": {
				"north": {"uv": [12, 10, 10, 12], "texture": "#2"},
				"east": {"uv": [0, 0, 0, 0], "texture": "#2"},
				"south": {"uv": [12, 0, 10, 2], "texture": "#2"},
				"west": {"uv": [0, 0, 0, 0], "texture": "#2"},
				"up": {"uv": [0, 0, 0, 0], "texture": "#2"},
				"down": {"uv": [0, 0, 0, 0], "texture": "#2"}
			}
		},
		{
			"from": [2.4, 11, 2.65],
			"to": [7.4, 16, 7.65],
			"rotation": {"angle": 0, "axis": "y", "origin": [-1.6, 19, -3.35]},
			"faces": {
				"north": {"uv": [0, 5, 5, 10], "texture": "#2"},
				"east": {"uv": [5, 0, 0, 5], "texture": "#2"},
				"south": {"uv": [10, 0, 5, 5], "texture": "#2"},
				"west": {"uv": [10, 5, 5, 10], "texture": "#2"},
				"up": {"uv": [0, 15, 5, 10], "rotation": 90, "texture": "#2"},
				"down": {"uv": [5, 10, 10, 15], "rotation": 270, "texture": "#2"}
			}
		},
		{
			"from": [2.15, 12, 4.65],
			"to": [3.15, 14, 5.65],
			"rotation": {"angle": 22.5, "axis": "z", "origin": [-4.85, 20, -2.35]},
			"faces": {
				"north": {"uv": [11, 4, 10, 6], "texture": "#2"},
				"east": {"uv": [11, 2, 10, 4], "texture": "#2"},
				"south": {"uv": [11, 8, 10, 10], "texture": "#2"},
				"west": {"uv": [11, 6, 10, 8], "texture": "#2"},
				"up": {"uv": [11, 3, 12, 2], "rotation": 90, "texture": "#2"},
				"down": {"uv": [11, 3, 12, 4], "rotation": 270, "texture": "#2"}
			}
		},
		{
			"from": [4.6, 13.25, 12],
			"to": [9.6, 18.25, 17],
			"rotation": {"angle": -22.5, "axis": "y", "origin": [15.6, 21.25, 8]},
			"faces": {
				"north": {"uv": [10, 5, 5, 10], "texture": "#2"},
				"east": {"uv": [10, 5, 5, 10], "texture": "#2"},
				"south": {"uv": [0, 5, 5, 10], "texture": "#2"},
				"west": {"uv": [10, 0, 5, 5], "texture": "#2"},
				"up": {"uv": [5, 10, 0, 15], "texture": "#2"},
				"down": {"uv": [10, 15, 5, 10], "texture": "#2"}
			}
		},
		{
			"from": [4.8, 14.25, 12.55],
			"to": [5.8, 16.25, 13.55],
			"rotation": {"angle": 22.5, "axis": "x", "origin": [12.8, 22.25, 20.55]},
			"faces": {
				"north": {"uv": [10, 2, 11, 4], "texture": "#2"},
				"east": {"uv": [10, 4, 11, 6], "texture": "#2"},
				"south": {"uv": [10, 6, 11, 8], "texture": "#2"},
				"west": {"uv": [10, 8, 11, 10], "texture": "#2"},
				"up": {"uv": [12, 3, 11, 2], "texture": "#2"},
				"down": {"uv": [12, 3, 11, 4], "texture": "#2"}
			}
		},
		{
			"from": [1.7, 20.25, 8.3],
			"to": [1.7, 22.25, 10.3],
			"rotation": {"angle": 22.5, "axis": "z", "origin": [8.7, 28.25, 17.3]},
			"faces": {
				"north": {"uv": [0, 0, 0, 0], "texture": "#2"},
				"east": {"uv": [10, 10, 12, 12], "texture": "#2"},
				"south": {"uv": [0, 0, 0, 0], "texture": "#2"},
				"west": {"uv": [10, 0, 12, 2], "texture": "#2"},
				"up": {"uv": [0, 0, 0, 0], "texture": "#2"},
				"down": {"uv": [0, 0, 0, 0], "texture": "#2"}
			}
		}
	],
	"display": {
		"thirdperson_righthand": {
			"rotation": [63, 39, 0],
			"translation": [5.25, -1, -6],
			"scale": [0.8, 0.8, 0.8]
		},
		"thirdperson_lefthand": {
			"rotation": [63, 39, 0],
			"translation": [5.25, -1, -3],
			"scale": [0.8, 0.8, 0.8]
		},
		"firstperson_righthand": {
			"rotation": [0, -120, 0],
			"translation": [0, -1.5, 0],
			"scale": [0.8, 0.8, 0.8]
		},
		"firstperson_lefthand": {
			"rotation": [0, -120, 0],
			"translation": [0, -1.5, 0],
			"scale": [0.8, 0.8, 0.8]
		},
		"ground": {
			"translation": [0, 4, 0],
			"scale": [0.5, 0.5, 0.5]
		},
		"gui": {
			"rotation": [30, 225, 0],
			"translation": [0, 0.25, 0],
			"scale": [0.625, 0.625, 0.625]
		},
		"head": {
			"translation": [0, 17.5, 0],
			"scale": [1.5, 1.5, 1.5]
		},
		"fixed": {
			"rotation": [-90, 0, 0],
			"translation": [0, 0, -14.6],
			"scale": [1.8, 1.8, 1.8]
		}
	},
	"groups": [0, 1, 2, 3, 4, 5, 6, 7, 8, 9, 10, 11,
		{
			"name": "group",
			"origin": [14.9, 25, 18.5],
			"children": [12, 13, 14]
		},
		{
			"name": "group",
			"origin": [15.5, 9, 17.75],
			"children": [15, 16, 17, 18, 19, 20, 21]
		},
		{
			"name": "group",
			"origin": [15.5, 9, 17.75],
			"children": [22, 23, 24]
		},
		{
			"name": "group",
			"origin": [14.9, 25, 18.5],
			"children": [25, 26, 27]
		}
	]
}