{
	"credit": "Made with Blockbench",
	"texture_size": [64, 64],
	"textures": {
		"1": "item/chxx_lanzi",
		"2": "item/chxx_fumojinpingguo",
		"particle": "item/chxx_fumojinpingguo"
	},
	"elements": [
		{
			"from": [1, 1, 11.5],
			"to": [15, 7, 12.5],
			"rotation": {"angle": 0, "axis": "y", "origin": [8, 9, 4.5]},
			"faces": {
				"north": {"uv": [0.25, 0.25, 3.75, 1.75], "texture": "#1"},
				"east": {"uv": [0.25, 0.25, 0.5, 1.75], "texture": "#1"},
				"south": {"uv": [0.25, 0.25, 3.75, 1.75], "texture": "#1"},
				"west": {"uv": [3.5, 0.25, 3.75, 1.75], "texture": "#1"},
				"up": {"uv": [3.75, 0.5, 0.25, 0.25], "texture": "#1"},
				"down": {"uv": [7, 3.25, 3.5, 3.5], "texture": "#1"}
			}
		},
		{
			"from": [1, 1, 3.5],
			"to": [15, 7, 4.5],
			"rotation": {"angle": 0, "axis": "y", "origin": [8, 9, -3.5]},
			"faces": {
				"north": {"uv": [0.25, 0.25, 3.75, 1.75], "texture": "#1"},
				"east": {"uv": [3.5, 0.25, 3.75, 1.75], "texture": "#1"},
				"south": {"uv": [0.25, 0.25, 3.75, 1.75], "texture": "#1"},
				"west": {"uv": [0.25, 0.25, 0.5, 1.75], "texture": "#1"},
				"up": {"uv": [3.75, 0.5, 0.25, 0.25], "texture": "#1"},
				"down": {"uv": [10.5, 0.25, 7, 0.5], "texture": "#1"}
			}
		},
		{
			"from": [1, 1, 4.5],
			"to": [2, 7, 11.5],
			"rotation": {"angle": 0, "axis": "y", "origin": [9, 9, 7.5]},
			"faces": {
				"north": {"uv": [3.5, 8.25, 3.75, 9.75], "texture": "#1"},
				"east": {"uv": [4, 0.25, 5.75, 1.75], "texture": "#1"},
				"south": {"uv": [3.75, 8.25, 4, 9.75], "texture": "#1"},
				"west": {"uv": [4, 0.25, 5.75, 1.75], "texture": "#1"},
				"up": {"uv": [2, 0.5, 0.25, 0.25], "rotation": 90, "texture": "#1"},
				"down": {"uv": [1.5, 7.75, 1.25, 9.5], "texture": "#1"}
			}
		},
		{
			"from": [14, 1, 4.5],
			"to": [15, 7, 11.5],
			"rotation": {"angle": 0, "axis": "y", "origin": [22, 9, 7.5]},
			"faces": {
				"north": {"uv": [4, 8.25, 4.25, 9.75], "texture": "#1"},
				"east": {"uv": [4, 0.25, 5.75, 1.75], "texture": "#1"},
				"south": {"uv": [4.25, 8.25, 4.5, 9.75], "texture": "#1"},
				"west": {"uv": [4, 0.25, 5.75, 1.75], "texture": "#1"},
				"up": {"uv": [2, 0.5, 0.25, 0.25], "rotation": 90, "texture": "#1"},
				"down": {"uv": [2, 7.75, 1.75, 9.5], "texture": "#1"}
			}
		},
		{
			"from": [1, 0, 3.5],
			"to": [15, 1, 12.5],
			"rotation": {"angle": 0, "axis": "y", "origin": [8, 8, 7.5]},
			"faces": {
				"north": {"uv": [0.25, 1.75, 3.75, 2], "texture": "#1"},
				"east": {"uv": [0.25, 1.75, 2.5, 2], "texture": "#1"},
				"south": {"uv": [0.25, 1.75, 3.75, 2], "texture": "#1"},
				"west": {"uv": [0.25, 1.75, 2.5, 2], "texture": "#1"},
				"up": {"uv": [3.5, 2.25, 0, 0], "texture": "#1"},
				"down": {"uv": [3.75, 2.25, 0.25, 4.5], "texture": "#1"}
			}
		},
		{
			"from": [7, 7, 3.5],
			"to": [9, 14, 4.5],
			"rotation": {"angle": 0, "axis": "y", "origin": [16, 15, 11.5]},
			"faces": {
				"north": {"uv": [4, 2.25, 4.5, 4], "texture": "#1"},
				"east": {"uv": [4.5, 2.25, 4.75, 4], "texture": "#1"},
				"south": {"uv": [4, 2.25, 4.5, 4], "texture": "#1"},
				"west": {"uv": [4.5, 2.25, 4.75, 4], "texture": "#1"},
				"up": {"uv": [4.5, 4.5, 4, 4.25], "texture": "#1"},
				"down": {"uv": [3.5, 6.25, 3, 6.5], "texture": "#1"}
			}
		},
		{
			"from": [7, 7, 11.5],
			"to": [9, 14, 12.5],
			"rotation": {"angle": 0, "axis": "y", "origin": [16, 15, 19.5]},
			"faces": {
				"north": {"uv": [4, 2.25, 4.5, 4], "texture": "#1"},
				"east": {"uv": [4.5, 2.25, 4.75, 4], "texture": "#1"},
				"south": {"uv": [4, 2.25, 4.5, 4], "texture": "#1"},
				"west": {"uv": [4.5, 2.25, 4.75, 4], "texture": "#1"},
				"up": {"uv": [4.5, 4.5, 4, 4.25], "texture": "#1"},
				"down": {"uv": [5.5, 8.25, 5, 8.5], "texture": "#1"}
			}
		},
		{
			"from": [7, 13, 4.5],
			"to": [9, 14, 11.5],
			"rotation": {"angle": 0, "axis": "y", "origin": [16, 21, 11.5]},
			"faces": {
				"north": {"uv": [3, 6.5, 3.5, 6.75], "texture": "#1"},
				"east": {"uv": [5.5, 2.25, 5.75, 4], "rotation": 90, "texture": "#1"},
				"south": {"uv": [8, 4.25, 8.5, 4.5], "texture": "#1"},
				"west": {"uv": [5.5, 2.25, 5.75, 4], "rotation": 90, "texture": "#1"},
				"up": {"uv": [5.5, 4, 5, 2.25], "texture": "#1"},
				"down": {"uv": [5.5, 2.25, 5, 4], "texture": "#1"}
			}
		},
		{
			"from": [2, 5, 4.5],
			"to": [14, 5, 11.5],
			"rotation": {"angle": 0, "axis": "y", "origin": [10, 13, 18.5]},
			"faces": {
				"up": {"uv": [7, 13, 4, 11.25], "texture": "#1"}
			}
		},
		{
			"from": [10, 4, 9.2],
			"to": [15, 9, 14.2],
			"rotation": {"angle": -22.5, "axis": "y", "origin": [21, 12, 5.2]},
			"faces": {
				"north": {"uv": [5, 5, 0, 0], "rotation": 180, "texture": "#2"},
				"east": {"uv": [5, 10, 0, 5], "rotation": 180, "texture": "#2"},
				"south": {"uv": [5, 0, 0, 5], "texture": "#2"},
				"west": {"uv": [5, 0, 0, 5], "texture": "#2"},
				"up": {"uv": [5, 10, 0, 15], "texture": "#2"},
				"down": {"uv": [10, 15, 5, 10], "texture": "#2"}
			}
		},
		{
			"from": [10, 5, 5.25],
			"to": [11, 7, 6.25],
			"rotation": {"angle": -22.5, "axis": "x", "origin": [18, 13, -1.75]},
			"faces": {
				"north": {"uv": [11, 2, 10, 4], "texture": "#2"},
				"east": {"uv": [11, 2, 10, 4], "texture": "#2"},
				"south": {"uv": [11, 2, 10, 4], "texture": "#2"},
				"west": {"uv": [11, 2, 10, 4], "texture": "#2"},
				"up": {"uv": [12, 2, 11, 3], "texture": "#2"},
				"down": {"uv": [12, 4, 11, 3], "texture": "#2"}
			}
		},
		{
			"from": [6.9, 11, 8.5],
			"to": [6.9, 13, 10.5],
			"rotation": {"angle": 22.5, "axis": "z", "origin": [13.9, 19, 1.5]},
			"faces": {
				"north": {"uv": [0, 0, 0, 0], "texture": "#2"},
				"east": {"uv": [12, 10, 10, 12], "texture": "#2"},
				"south": {"uv": [0, 0, 0, 0], "texture": "#2"},
				"west": {"uv": [12, 0, 10, 2], "texture": "#2"},
				"up": {"uv": [0, 0, 0, 0], "texture": "#2"},
				"down": {"uv": [0, 0, 0, 0], "texture": "#2"}
			}
		},
		{
			"from": [2.2, 5, 5.05],
			"to": [7.2, 10, 10.05],
			"rotation": {"angle": 0, "axis": "y", "origin": [-3.8, 13, 14.05]},
			"faces": {
				"north": {"uv": [5, 0, 0, 5], "texture": "#2"},
				"east": {"uv": [5, 0, 0, 5], "texture": "#2"},
				"south": {"uv": [5, 0, 0, 5], "texture": "#2"},
				"west": {"uv": [0, 5, 5, 10], "texture": "#2"},
				"up": {"uv": [0, 15, 5, 10], "texture": "#2"},
				"down": {"uv": [5, 10, 10, 15], "texture": "#2"}
			}
		},
		{
			"from": [8.3, 12, 5.05],
			"to": [8.3, 14, 7.05],
			"rotation": {"angle": -22.5, "axis": "z", "origin": [1.3, 20, 14.05]},
			"faces": {
				"north": {"uv": [0, 0, 0, 0], "texture": "#2"},
				"east": {"uv": [12, 0, 10, 2], "texture": "#2"},
				"south": {"uv": [0, 0, 0, 0], "texture": "#2"},
				"west": {"uv": [12, 10, 10, 12], "texture": "#2"},
				"up": {"uv": [0, 0, 0, 0], "texture": "#2"},
				"down": {"uv": [0, 0, 0, 0], "texture": "#2"}
			}
		},
		{
			"from": [4.2, 6, 9.3],
			"to": [5.2, 8, 10.3],
			"rotation": {"angle": 22.5, "axis": "x", "origin": [-2.8, 14, 17.3]},
			"faces": {
				"north": {"uv": [11, 2, 10, 4], "texture": "#2"},
				"east": {"uv": [11, 2, 10, 4], "texture": "#2"},
				"south": {"uv": [11, 2, 10, 4], "texture": "#2"},
				"west": {"uv": [11, 2, 10, 4], "texture": "#2"},
				"up": {"uv": [11, 3, 12, 2], "texture": "#2"},
				"down": {"uv": [11, 3, 12, 4], "texture": "#2"}
			}
		}
	],
	"display": {
		"thirdperson_righthand": {
			"rotation": [69, -44, 0],
			"translation": [0.75, -2.25, -3],
			"scale": [0.8, 0.8, 0.8]
		},
		"thirdperson_lefthand": {
			"rotation": [69, -44, 0],
			"translation": [0.75, -2.25, -3],
			"scale": [0.8, 0.8, 0.8]
		},
		"firstperson_righthand": {
			"rotation": [0, -90, 0],
			"translation": [1.13, 3.2, 1.13],
			"scale": [0.68, 0.68, 0.68]
		},
		"firstperson_lefthand": {
			"rotation": [0, 34, 0],
			"translation": [1.13, 3.2, 1.13],
			"scale": [0.68, 0.68, 0.68]
		},
		"ground": {
			"translation": [0, 4, 0],
			"scale": [0.5, 0.5, 0.5]
		},
		"gui": {
			"rotation": [30, 225, 0],
			"translation": [0, 2, 0],
			"scale": [0.625, 0.625, 0.625]
		},
		"head": {
			"translation": [0, 18.5, 0],
			"scale": [1.5, 1.5, 1.5]
		},
		"fixed": {
			"rotation": [-90, 0, 0],
			"translation": [0, 0, -14.6],
			"scale": [1.8, 1.8, 1.8]
		}
	},
	"groups": [0, 1, 2, 3, 4, 5, 6, 7, 8,
		{
			"name": "group",
			"origin": [14.9, 25, 18.5],
			"children": [9, 10, 11]
		},
		{
			"name": "group",
			"origin": [15.5, 9, 17.75],
			"children": [12, 13, 14]
		}
	]
}