{
	"credit": "Made with Blockbench",
	"textures": {
		"0": "item/chxx_jinpingguo",
		"particle": "item/chxx_jinpingguo"
	},
	"elements": [
		{
			"from": [5.5, 0, 5.5],
			"to": [10.5, 5, 10.5],
			"rotation": {"angle": 0, "axis": "y", "origin": [16.5, 8, 14.5]},
			"faces": {
				"north": {"uv": [0, 0, 5, 5], "texture": "#0"},
				"east": {"uv": [0, 5, 5, 10], "texture": "#0"},
				"south": {"uv": [5, 5, 10, 10], "texture": "#0"},
				"west": {"uv": [5, 0, 10, 5], "texture": "#0"},
				"up": {"uv": [5, 15, 0, 10], "texture": "#0"},
				"down": {"uv": [10, 10, 5, 15], "texture": "#0"}
			}
		},
		{
			"from": [7.5, 1.25, 9.85],
			"to": [8.5, 3.25, 10.85],
			"rotation": {"angle": 22.5, "axis": "x", "origin": [15.5, 9.25, 17.85]},
			"faces": {
				"north": {"uv": [10, 2, 11, 4], "texture": "#0"},
				"east": {"uv": [10, 4, 11, 6], "texture": "#0"},
				"south": {"uv": [10, 6, 11, 8], "texture": "#0"},
				"west": {"uv": [10, 8, 11, 10], "texture": "#0"},
				"up": {"uv": [12, 3, 11, 2], "texture": "#0"},
				"down": {"uv": [12, 3, 11, 4], "texture": "#0"}
			}
		},
		{
			"from": [8, 5, 5.5],
			"to": [8, 7, 7.5],
			"rotation": {"angle": 0, "axis": "x", "origin": [15, 13, 14.5]},
			"faces": {
				"east": {"uv": [10, 10, 12, 12], "texture": "#0"},
				"west": {"uv": [10, 0, 12, 2], "texture": "#0"}
			}
		}
	],
	"display": {
		"thirdperson_righthand": {
			"rotation": [0, -120, 0],
			"translation": [0, 6.25, 0],
			"scale": [0.8, 0.8, 0.8]
		},
		"thirdperson_lefthand": {
			"rotation": [0, -120, 0],
			"translation": [0, 6.25, 0],
			"scale": [0.8, 0.8, 0.8]
		},
		"firstperson_righthand": {
			"rotation": [0, -120, 0],
			"translation": [0, 7, 0],
			"scale": [0.8, 0.8, 0.8]
		},
		"firstperson_lefthand": {
			"rotation": [0, -120, 0],
			"translation": [0, 7, 0],
			"scale": [0.8, 0.8, 0.8]
		},
		"ground": {
			"translation": [0, 4, 0],
			"scale": [0.5, 0.5, 0.5]
		},
		"gui": {
			"rotation": [17, -120, 0],
			"translation": [0, 7.75, 0],
			"scale": [1.5, 1.5, 1.5]
		},
		"head": {
			"translation": [0, 17.5, 0],
			"scale": [1.9, 1.9, 1.9]
		},
		"fixed": {
			"rotation": [90, 0, 0],
			"translation": [0, 0, 2.65],
			"scale": [1.8, 1.8, 1.8]
		}
	}
}