{
	"credit": "Made with Blockbench",
	"parent": "minecraft:block/cube_all",
	"textures": {
		"0": "item/jj_xiangmu_chuangtou",
		"particle": "item/jj_xiangmu_chuangtou"
	},
	"elements": [
		{
			"from": [3, 2.9, -13.05],
			"to": [13, 16.1, -10.05],
			"rotation": {"angle": 0, "axis": "y", "origin": [8, 8.1, -4.05]},
			"faces": {
				"north": {"uv": [3.5, 0.5, 6, 4.25], "texture": "#0"},
				"south": {"uv": [3.5, 0.5, 6, 4.25], "texture": "#0"},
				"up": {"uv": [3.5, 0, 6, 0.75], "texture": "#0"},
				"down": {"uv": [3.5, 0, 6, 0.75], "texture": "#0"}
			}
		},
		{
			"from": [12.65, 0, 15.65],
			"to": [16.35, 13, 19.35],
			"rotation": {"angle": 0, "axis": "y", "origin": [20.7, 8, 24.65]},
			"faces": {
				"north": {"uv": [1, 0, 0, 3.5], "texture": "#0"},
				"east": {"uv": [1, 0, 0, 3.5], "texture": "#0"},
				"south": {"uv": [1, 0, 0, 3.5], "texture": "#0"},
				"west": {"uv": [1, 0, 0, 3.5], "texture": "#0"},
				"up": {"uv": [1, 4.75, 0, 3.75], "texture": "#0"},
				"down": {"uv": [1, 3.75, 0, 4.75], "texture": "#0"}
			}
		},
		{
			"from": [-0.35, 0, 15.65],
			"to": [3.35, 13, 19.35],
			"rotation": {"angle": 0, "axis": "y", "origin": [7.7, 8, 24.65]},
			"faces": {
				"north": {"uv": [0, 0, 1, 3.5], "texture": "#0"},
				"east": {"uv": [0, 0, 1, 3.5], "texture": "#0"},
				"south": {"uv": [0, 0, 1, 3.5], "texture": "#0"},
				"west": {"uv": [0, 0, 1, 3.5], "texture": "#0"},
				"up": {"uv": [0, 4.75, 1, 3.75], "texture": "#0"},
				"down": {"uv": [0, 3.75, 1, 4.75], "texture": "#0"}
			}
		},
		{
			"from": [3, 2.75, 17.25],
			"to": [13, 12.05, 19.25],
			"rotation": {"angle": 0, "axis": "y", "origin": [11, 8.05, 25.25]},
			"faces": {
				"north": {"uv": [1, 0.5, 3.5, 3], "texture": "#0"},
				"south": {"uv": [1, 0.5, 3.5, 3], "texture": "#0"},
				"up": {"uv": [1, 0.5, 3.5, 0], "texture": "#0"},
				"down": {"uv": [1, 0, 3.5, 0.5], "texture": "#0"}
			}
		},
		{
			"from": [1, 6.99926, -5.50448],
			"to": [15, 10.46926, -1.30448],
			"rotation": {"angle": 0, "axis": "x", "origin": [9, 15.39926, 12.69552]},
			"faces": {
				"east": {"uv": [14, 0.5, 13.5, 1.25], "texture": "#0"},
				"south": {"uv": [8, 2.75, 11.5, 3.5], "texture": "#0"},
				"west": {"uv": [13.5, 0.5, 14, 1.25], "texture": "#0"}
			}
		},
		{
			"from": [1, 7, -10],
			"to": [15, 12, -5],
			"rotation": {"angle": 0, "axis": "x", "origin": [9, 17, 6]},
			"faces": {
				"east": {"uv": [13.25, 0, 12, 1.25], "texture": "#0"},
				"west": {"uv": [12, 0, 13.25, 1.25], "texture": "#0"},
				"up": {"uv": [8, 0, 11.5, 1.25], "texture": "#0"}
			}
		},
		{
			"from": [1, 2.49646, -4.30451],
			"to": [15, 5.49646, -0.30451],
			"rotation": {"angle": 22.5, "axis": "x", "origin": [9, 10.49646, 11.69549]},
			"faces": {
				"east": {"uv": [14.75, 0, 13.5, 0.75], "texture": "#0"},
				"west": {"uv": [13.5, 0, 14.75, 0.75], "texture": "#0"},
				"up": {"uv": [8, 1.5, 11.5, 2.5], "texture": "#0"}
			}
		},
		{
			"from": [-0.35, 0, -13.35],
			"to": [3.35, 17, -9.65],
			"rotation": {"angle": 0, "axis": "y", "origin": [8.3, 8, -4.75]},
			"faces": {
				"north": {"uv": [7, 0, 6, 4.75], "texture": "#0"},
				"east": {"uv": [7, 0, 6, 4.75], "texture": "#0"},
				"south": {"uv": [6, 0, 7, 4.75], "texture": "#0"},
				"west": {"uv": [6, 0, 7, 4.75], "texture": "#0"},
				"up": {"uv": [0, 3.75, 1, 4.75], "texture": "#0"},
				"down": {"uv": [0, 3.75, 1, 4.75], "texture": "#0"}
			}
		},
		{
			"from": [12.65, 0, -13.35],
			"to": [16.35, 17, -9.65],
			"rotation": {"angle": 0, "axis": "y", "origin": [20.7, 8, -4.75]},
			"faces": {
				"north": {"uv": [6, 0, 7, 4.75], "texture": "#0"},
				"east": {"uv": [7, 0, 6, 4.75], "texture": "#0"},
				"south": {"uv": [7, 0, 6, 4.75], "texture": "#0"},
				"west": {"uv": [6, 0, 7, 4.75], "texture": "#0"},
				"up": {"uv": [1, 3.75, 0, 4.75], "texture": "#0"},
				"down": {"uv": [1, 3.75, 0, 4.75], "texture": "#0"}
			}
		},
		{
			"from": [1, 3.1, -10],
			"to": [15, 7, 18],
			"rotation": {"angle": 0, "axis": "y", "origin": [9, 14, -2]},
			"faces": {
				"east": {"uv": [8, 8.5, 15, 9.5], "texture": "#0"},
				"west": {"uv": [8, 8.5, 15, 9.5], "texture": "#0"},
				"up": {"uv": [0, 8.5, 3.5, 15.5], "texture": "#0"},
				"down": {"uv": [4, 8.5, 7.5, 15.5], "texture": "#0"}
			}
		}
	],
	"display": {
		"gui": {
			"rotation": [30, 45, 0],
			"translation": [1.5, -1.25, 0],
			"scale": [0.4, 0.4, 0.4]
		},
		"fixed": {
			"rotation": [90, 0, -180],
			"translation": [0, -26, 16.01],
			"scale": [2, 2, 2]
		}
	}
}